"Point","X","Y","Z"
"0","-270","540","0"
"1","-256.5","540","0"
"2","-243","540","0"
"3","-229.5","540","0"
"4","-216","540","0"
"5","-202.5","540","0"
"6","-189","540","0"
"7","-175.5","540","0"
"8","-162","540","0"
"9","-148.5","540","0"
"10","-135","540","0"
"11","-121.5","540","0"
"12","-108","540","0"
"13","-94.5","540","0"
"14","-81","540","0"
"15","-67.5","540","0"
"16","-54","540","0"
"17","-40.5","540","0"
"18","-27","540","0"
"19","-13.5","540","0"
"20","0","540","0"
"21","13.5","540","0"
"22","27","540","0"
"23","40.5","540","0"
"24","54","540","0"
"25","67.5","540","0"
"26","81","540","0"
"27","94.5","540","0"
"28","108","540","0"
"29","121.5","540","0"
"30","135","540","0"
"31","148.5","540","0"
"32","162","540","0"
"33","175.5","540","0"
"34","189","540","0"
"35","202.5","540","0"
"36","216","540","0"
"37","229.5","540","0"
"38","243","540","0"
"39","256.5","540","0"
"40","270","540","0"
"41","-270","522","0"
"42","-256.5","522","0"
"43","-243","522","0"
"44","-229.5","522","0"
"45","-216","522","0"
"46","-202.5","522","0"
"47","-189","522","0"
"48","-175.5","522","0"
"49","-162","522","0"
"50","-148.5","522","0"
"51","-135","522","0"
"52","-121.5","522","0"
"53","-108","522","0"
"54","-94.5","522","0"
"55","-81","522","0"
"56","-67.5","522","0"
"57","-54","522","0"
"58","-40.5","522","0"
"59","-27","522","0"
"60","-13.5","522","0"
"61","0","522","0"
"62","13.5","522","0"
"63","27","522","0"
"64","40.5","522","0"
"65","54","522","0"
"66","67.5","522","0"
"67","81","522","0"
"68","94.5","522","0"
"69","108","522","0"
"70","121.5","522","0"
"71","135","522","0"
"72","148.5","522","0"
"73","162","522","0"
"74","175.5","522","0"
"75","189","522","0"
"76","202.5","522","0"
"77","216","522","0"
"78","229.5","522","0"
"79","243","522","0"
"80","256.5","522","0"
"81","270","522","0"
"82","-270","504","0"
"83","-256.5","504","0"
"84","-243","504","0"
"85","-229.5","504","0"
"86","-216","504","0"
"87","-202.5","504","0"
"88","-189","504","0"
"89","-175.5","504","0"
"90","-162","504","0"
"91","-148.5","504","0"
"92","-135","504","0"
"93","-121.5","504","0"
"94","-108","504","0"
"95","-94.5","504","0"
"96","-81","504","0"
"97","-67.5","504","0"
"98","-54","504","0"
"99","-40.5","504","0"
"100","-27","504","0"
"101","-13.5","504","0"
"102","0","504","0"
"103","13.5","504","0"
"104","27","504","0"
"105","40.5","504","0"
"106","54","504","0"
"107","67.5","504","0"
"108","81","504","0"
"109","94.5","504","0"
"110","108","504","0"
"111","121.5","504","0"
"112","135","504","0"
"113","148.5","504","0"
"114","162","504","0"
"115","175.5","504","0"
"116","189","504","0"
"117","202.5","504","0"
"118","216","504","0"
"119","229.5","504","0"
"120","243","504","0"
"121","256.5","504","0"
"122","270","504","0"
"123","-270","486","0"
"124","-256.5","486","0"
"125","-243","486","0"
"126","-229.5","486","0"
"127","-216","486","0"
"128","-202.5","486","0"
"129","-189","486","0"
"130","-175.5","486","0"
"131","-162","486","0"
"132","-148.5","486","0"
"133","-135","486","0"
"134","-121.5","486","0"
"135","-108","486","0"
"136","-94.5","486","0"
"137","-81","486","0"
"138","-67.5","486","0"
"139","-54","486","0"
"140","-40.5","486","0"
"141","-27","486","0"
"142","-13.5","486","0"
"143","0","486","0"
"144","13.5","486","0"
"145","27","486","0"
"146","40.5","486","0"
"147","54","486","0"
"148","67.5","486","0"
"149","81","486","0"
"150","94.5","486","0"
"151","108","486","0"
"152","121.5","486","0"
"153","135","486","0"
"154","148.5","486","0"
"155","162","486","0"
"156","175.5","486","0"
"157","189","486","0"
"158","202.5","486","0"
"159","216","486","0"
"160","229.5","486","0"
"161","243","486","0"
"162","256.5","486","0"
"163","270","486","0"
"164","-270","468","0"
"165","-256.5","468","0"
"166","-243","468","0"
"167","-229.5","468","0"
"168","-216","468","0"
"169","-202.5","468","0"
"170","-189","468","0"
"171","-175.5","468","0"
"172","-162","468","0"
"173","-148.5","468","0"
"174","-135","468","0"
"175","-121.5","468","0"
"176","-108","468","0"
"177","-94.5","468","0"
"178","-81","468","0"
"179","-67.5","468","0"
"180","-54","468","0"
"181","-40.5","468","0"
"182","-27","468","0"
"183","-13.5","468","0"
"184","0","468","0"
"185","13.5","468","0"
"186","27","468","0"
"187","40.5","468","0"
"188","54","468","0"
"189","67.5","468","0"
"190","81","468","0"
"191","94.5","468","0"
"192","108","468","0"
"193","121.5","468","0"
"194","135","468","0"
"195","148.5","468","0"
"196","162","468","0"
"197","175.5","468","0"
"198","189","468","0"
"199","202.5","468","0"
"200","216","468","0"
"201","229.5","468","0"
"202","243","468","0"
"203","256.5","468","0"
"204","270","468","0"
"205","-270","450","0"
"206","-256.5","450","0"
"207","-243","450","0"
"208","-229.5","450","0"
"209","-216","450","0"
"210","-202.5","450","0"
"211","-189","450","0"
"212","-175.5","450","0"
"213","-162","450","0"
"214","-148.5","450","0"
"215","-135","450","0"
"216","-121.5","450","0"
"217","-108","450","0"
"218","-94.5","450","0"
"219","-81","450","0"
"220","-67.5","450","0"
"221","-54","450","0"
"222","-40.5","450","0"
"223","-27","450","0"
"224","-13.5","450","0"
"225","0","450","0"
"226","13.5","450","0"
"227","27","450","0"
"228","40.5","450","0"
"229","54","450","0"
"230","67.5","450","0"
"231","81","450","0"
"232","94.5","450","0"
"233","108","450","0"
"234","121.5","450","0"
"235","135","450","0"
"236","148.5","450","0"
"237","162","450","0"
"238","175.5","450","0"
"239","189","450","0"
"240","202.5","450","0"
"241","216","450","0"
"242","229.5","450","0"
"243","243","450","0"
"244","256.5","450","0"
"245","270","450","0"
"246","-270","432","0"
"247","-256.5","432","0"
"248","-243","432","0"
"249","-229.5","432","0"
"250","-216","432","0"
"251","-202.5","432","0"
"252","-189","432","0"
"253","-175.5","432","0"
"254","-162","432","0"
"255","-148.5","432","0"
"256","-135","432","0"
"257","-121.5","432","0"
"258","-108","432","0"
"259","-94.5","432","0"
"260","-81","432","0"
"261","-67.5","432","0"
"262","-54","432","0"
"263","-40.5","432","0"
"264","-27","432","0"
"265","-13.5","432","0"
"266","0","432","0"
"267","13.5","432","0"
"268","27","432","0"
"269","40.5","432","0"
"270","54","432","0"
"271","67.5","432","0"
"272","81","432","0"
"273","94.5","432","0"
"274","108","432","0"
"275","121.5","432","0"
"276","135","432","0"
"277","148.5","432","0"
"278","162","432","0"
"279","175.5","432","0"
"280","189","432","0"
"281","202.5","432","0"
"282","216","432","0"
"283","229.5","432","0"
"284","243","432","0"
"285","256.5","432","0"
"286","270","432","0"
"287","-270","414","0"
"288","-256.5","414","0"
"289","-243","414","0"
"290","-229.5","414","0"
"291","-216","414","0"
"292","-202.5","414","0"
"293","-189","414","0"
"294","-175.5","414","0"
"295","-162","414","0"
"296","-148.5","414","0"
"297","-135","414","0"
"298","-121.5","414","0"
"299","-108","414","0"
"300","-94.5","414","0"
"301","-81","414","0"
"302","-67.5","414","0"
"303","-54","414","0"
"304","-40.5","414","0"
"305","-27","414","0"
"306","-13.5","414","0"
"307","0","414","0"
"308","13.5","414","0"
"309","27","414","0"
"310","40.5","414","0"
"311","54","414","0"
"312","67.5","414","0"
"313","81","414","0"
"314","94.5","414","0"
"315","108","414","0"
"316","121.5","414","0"
"317","135","414","0"
"318","148.5","414","0"
"319","162","414","0"
"320","175.5","414","0"
"321","189","414","0"
"322","202.5","414","0"
"323","216","414","0"
"324","229.5","414","0"
"325","243","414","0"
"326","256.5","414","0"
"327","270","414","0"
"328","-270","396","0"
"329","-256.5","396","0"
"330","-243","396","0"
"331","-229.5","396","0"
"332","-216","396","0"
"333","-202.5","396","0"
"334","-189","396","0"
"335","-175.5","396","0"
"336","-162","396","0"
"337","-148.5","396","0"
"338","-135","396","0"
"339","-121.5","396","0"
"340","-108","396","0"
"341","-94.5","396","0"
"342","-81","396","0"
"343","-67.5","396","0"
"344","-54","396","0"
"345","-40.5","396","0"
"346","-27","396","0"
"347","-13.5","396","0"
"348","0","396","0"
"349","13.5","396","0"
"350","27","396","0"
"351","40.5","396","0"
"352","54","396","0"
"353","67.5","396","0"
"354","81","396","0"
"355","94.5","396","0"
"356","108","396","0"
"357","121.5","396","0"
"358","135","396","0"
"359","148.5","396","0"
"360","162","396","0"
"361","175.5","396","0"
"362","189","396","0"
"363","202.5","396","0"
"364","216","396","0"
"365","229.5","396","0"
"366","243","396","0"
"367","256.5","396","0"
"368","270","396","0"
"369","-270","378","0"
"370","-256.5","378","0"
"371","-243","378","0"
"372","-229.5","378","0"
"373","-216","378","0"
"374","-202.5","378","0"
"375","-189","378","0"
"376","-175.5","378","0"
"377","-162","378","0"
"378","-148.5","378","0"
"379","-135","378","0"
"380","-121.5","378","0"
"381","-108","378","0"
"382","-94.5","378","0"
"383","-81","378","0"
"384","-67.5","378","0"
"385","-54","378","0"
"386","-40.5","378","0"
"387","-27","378","0"
"388","-13.5","378","0"
"389","0","378","0"
"390","13.5","378","0"
"391","27","378","0"
"392","40.5","378","0"
"393","54","378","0"
"394","67.5","378","0"
"395","81","378","0"
"396","94.5","378","0"
"397","108","378","0"
"398","121.5","378","0"
"399","135","378","0"
"400","148.5","378","0"
"401","162","378","0"
"402","175.5","378","0"
"403","189","378","0"
"404","202.5","378","0"
"405","216","378","0"
"406","229.5","378","0"
"407","243","378","0"
"408","256.5","378","0"
"409","270","378","0"
"410","-270","360","0"
"411","-256.5","360","0"
"412","-243","360","0"
"413","-229.5","360","0"
"414","-216","360","0"
"415","-202.5","360","0"
"416","-189","360","0"
"417","-175.5","360","0"
"418","-162","360","0"
"419","-148.5","360","0"
"420","-135","360","0"
"421","-121.5","360","0"
"422","-108","360","0"
"423","-94.5","360","0"
"424","-81","360","0"
"425","-67.5","360","0"
"426","-54","360","0"
"427","-40.5","360","0"
"428","-27","360","0"
"429","-13.5","360","0"
"430","0","360","0"
"431","13.5","360","0"
"432","27","360","0"
"433","40.5","360","0"
"434","54","360","0"
"435","67.5","360","0"
"436","81","360","0"
"437","94.5","360","0"
"438","108","360","0"
"439","121.5","360","0"
"440","135","360","0"
"441","148.5","360","0"
"442","162","360","0"
"443","175.5","360","0"
"444","189","360","0"
"445","202.5","360","0"
"446","216","360","0"
"447","229.5","360","0"
"448","243","360","0"
"449","256.5","360","0"
"450","270","360","0"
"451","-270","342","0"
"452","-256.5","342","0"
"453","-243","342","0"
"454","-229.5","342","0"
"455","-216","342","0"
"456","-202.5","342","0"
"457","-189","342","0"
"458","-175.5","342","0"
"459","-162","342","0"
"460","-148.5","342","0"
"461","-135","342","0"
"462","-121.5","342","0"
"463","-108","342","0"
"464","-94.5","342","0"
"465","-81","342","0"
"466","-67.5","342","0"
"467","-54","342","0"
"468","-40.5","342","0"
"469","-27","342","0"
"470","-13.5","342","0"
"471","0","342","0"
"472","13.5","342","0"
"473","27","342","0"
"474","40.5","342","0"
"475","54","342","0"
"476","67.5","342","0"
"477","81","342","0"
"478","94.5","342","0"
"479","108","342","0"
"480","121.5","342","0"
"481","135","342","0"
"482","148.5","342","0"
"483","162","342","0"
"484","175.5","342","0"
"485","189","342","0"
"486","202.5","342","0"
"487","216","342","0"
"488","229.5","342","0"
"489","243","342","0"
"490","256.5","342","0"
"491","270","342","0"
"492","-270","324","0"
"493","-256.5","324","0"
"494","-243","324","0"
"495","-229.5","324","0"
"496","-216","324","0"
"497","-202.5","324","0"
"498","-189","324","0"
"499","-175.5","324","0"
"500","-162","324","0"
"501","-148.5","324","0"
"502","-135","324","0"
"503","-121.5","324","0"
"504","-108","324","0"
"505","-94.5","324","0"
"506","-81","324","0"
"507","-67.5","324","0"
"508","-54","324","0"
"509","-40.5","324","0"
"510","-27","324","0"
"511","-13.5","324","0"
"512","0","324","0"
"513","13.5","324","0"
"514","27","324","0"
"515","40.5","324","0"
"516","54","324","0"
"517","67.5","324","0"
"518","81","324","0"
"519","94.5","324","0"
"520","108","324","0"
"521","121.5","324","0"
"522","135","324","0"
"523","148.5","324","0"
"524","162","324","0"
"525","175.5","324","0"
"526","189","324","0"
"527","202.5","324","0"
"528","216","324","0"
"529","229.5","324","0"
"530","243","324","0"
"531","256.5","324","0"
"532","270","324","0"
"533","-270","306","0"
"534","-256.5","306","0"
"535","-243","306","0"
"536","-229.5","306","0"
"537","-216","306","0"
"538","-202.5","306","0"
"539","-189","306","0"
"540","-175.5","306","0"
"541","-162","306","0"
"542","-148.5","306","0"
"543","-135","306","0"
"544","-121.5","306","0"
"545","-108","306","0"
"546","-94.5","306","0"
"547","-81","306","0"
"548","-67.5","306","0"
"549","-54","306","0"
"550","-40.5","306","0"
"551","-27","306","0"
"552","-13.5","306","0"
"553","0","306","0"
"554","13.5","306","0"
"555","27","306","0"
"556","40.5","306","0"
"557","54","306","0"
"558","67.5","306","0"
"559","81","306","0"
"560","94.5","306","0"
"561","108","306","0"
"562","121.5","306","0"
"563","135","306","0"
"564","148.5","306","0"
"565","162","306","0"
"566","175.5","306","0"
"567","189","306","0"
"568","202.5","306","0"
"569","216","306","0"
"570","229.5","306","0"
"571","243","306","0"
"572","256.5","306","0"
"573","270","306","0"
"574","-270","288","0"
"575","-256.5","288","0"
"576","-243","288","0"
"577","-229.5","288","0"
"578","-216","288","0"
"579","-202.5","288","0"
"580","-189","288","0"
"581","-175.5","288","0"
"582","-162","288","0"
"583","-148.5","288","0"
"584","-135","288","0"
"585","-121.5","288","0"
"586","-108","288","0"
"587","-94.5","288","0"
"588","-81","288","0"
"589","-67.5","288","0"
"590","-54","288","0"
"591","-40.5","288","0"
"592","-27","288","0"
"593","-13.5","288","0"
"594","0","288","0"
"595","13.5","288","0"
"596","27","288","0"
"597","40.5","288","0"
"598","54","288","0"
"599","67.5","288","0"
"600","81","288","0"
"601","94.5","288","0"
"602","108","288","0"
"603","121.5","288","0"
"604","135","288","0"
"605","148.5","288","0"
"606","162","288","0"
"607","175.5","288","0"
"608","189","288","0"
"609","202.5","288","0"
"610","216","288","0"
"611","229.5","288","0"
"612","243","288","0"
"613","256.5","288","0"
"614","270","288","0"
"615","-270","270","0"
"616","-256.5","270","0"
"617","-243","270","0"
"618","-229.5","270","0"
"619","-216","270","0"
"620","-202.5","270","0"
"621","-189","270","0"
"622","-175.5","270","0"
"623","-162","270","0"
"624","-148.5","270","0"
"625","-135","270","0"
"626","-121.5","270","0"
"627","-108","270","0"
"628","-94.5","270","0"
"629","-81","270","0"
"630","-67.5","270","0"
"631","-54","270","0"
"632","-40.5","270","0"
"633","-27","270","0"
"634","-13.5","270","0"
"635","0","270","0"
"636","13.5","270","0"
"637","27","270","0"
"638","40.5","270","0"
"639","54","270","0"
"640","67.5","270","0"
"641","81","270","0"
"642","94.5","270","0"
"643","108","270","0"
"644","121.5","270","0"
"645","135","270","0"
"646","148.5","270","0"
"647","162","270","0"
"648","175.5","270","0"
"649","189","270","0"
"650","202.5","270","0"
"651","216","270","0"
"652","229.5","270","0"
"653","243","270","0"
"654","256.5","270","0"
"655","270","270","0"
"656","-270","252","0"
"657","-256.5","252","0"
"658","-243","252","0"
"659","-229.5","252","0"
"660","-216","252","0"
"661","-202.5","252","0"
"662","-189","252","0"
"663","-175.5","252","0"
"664","-162","252","0"
"665","-148.5","252","0"
"666","-135","252","0"
"667","-121.5","252","0"
"668","-108","252","0"
"669","-94.5","252","0"
"670","-81","252","0"
"671","-67.5","252","0"
"672","-54","252","0"
"673","-40.5","252","0"
"674","-27","252","0"
"675","-13.5","252","0"
"676","0","252","0"
"677","13.5","252","0"
"678","27","252","0"
"679","40.5","252","0"
"680","54","252","0"
"681","67.5","252","0"
"682","81","252","0"
"683","94.5","252","0"
"684","108","252","0"
"685","121.5","252","0"
"686","135","252","0"
"687","148.5","252","0"
"688","162","252","0"
"689","175.5","252","0"
"690","189","252","0"
"691","202.5","252","0"
"692","216","252","0"
"693","229.5","252","0"
"694","243","252","0"
"695","256.5","252","0"
"696","270","252","0"
"697","-270","234","0"
"698","-256.5","234","0"
"699","-243","234","0"
"700","-229.5","234","0"
"701","-216","234","0"
"702","-202.5","234","0"
"703","-189","234","0"
"704","-175.5","234","0"
"705","-162","234","0"
"706","-148.5","234","0"
"707","-135","234","0"
"708","-121.5","234","0"
"709","-108","234","0"
"710","-94.5","234","0"
"711","-81","234","0"
"712","-67.5","234","0"
"713","-54","234","0"
"714","-40.5","234","0"
"715","-27","234","0"
"716","-13.5","234","0"
"717","0","234","0"
"718","13.5","234","0"
"719","27","234","0"
"720","40.5","234","0"
"721","54","234","0"
"722","67.5","234","0"
"723","81","234","0"
"724","94.5","234","0"
"725","108","234","0"
"726","121.5","234","0"
"727","135","234","0"
"728","148.5","234","0"
"729","162","234","0"
"730","175.5","234","0"
"731","189","234","0"
"732","202.5","234","0"
"733","216","234","0"
"734","229.5","234","0"
"735","243","234","0"
"736","256.5","234","0"
"737","270","234","0"
"738","-270","216","0"
"739","-256.5","216","0"
"740","-243","216","0"
"741","-229.5","216","0"
"742","-216","216","0"
"743","-202.5","216","0"
"744","-189","216","0"
"745","-175.5","216","0"
"746","-162","216","0"
"747","-148.5","216","0"
"748","-135","216","0"
"749","-121.5","216","0"
"750","-108","216","0"
"751","-94.5","216","0"
"752","-81","216","0"
"753","-67.5","216","0"
"754","-54","216","0"
"755","-40.5","216","0"
"756","-27","216","0"
"757","-13.5","216","0"
"758","0","216","0"
"759","13.5","216","0"
"760","27","216","0"
"761","40.5","216","0"
"762","54","216","0"
"763","67.5","216","0"
"764","81","216","0"
"765","94.5","216","0"
"766","108","216","0"
"767","121.5","216","0"
"768","135","216","0"
"769","148.5","216","0"
"770","162","216","0"
"771","175.5","216","0"
"772","189","216","0"
"773","202.5","216","0"
"774","216","216","0"
"775","229.5","216","0"
"776","243","216","0"
"777","256.5","216","0"
"778","270","216","0"
"779","-270","198","0"
"780","-256.5","198","0"
"781","-243","198","0"
"782","-229.5","198","0"
"783","-216","198","0"
"784","-202.5","198","0"
"785","-189","198","0"
"786","-175.5","198","0"
"787","-162","198","0"
"788","-148.5","198","0"
"789","-135","198","0"
"790","-121.5","198","0"
"791","-108","198","0"
"792","-94.5","198","0"
"793","-81","198","0"
"794","-67.5","198","0"
"795","-54","198","0"
"796","-40.5","198","0"
"797","-27","198","0"
"798","-13.5","198","0"
"799","0","198","0"
"800","13.5","198","0"
"801","27","198","0"
"802","40.5","198","0"
"803","54","198","0"
"804","67.5","198","0"
"805","81","198","0"
"806","94.5","198","0"
"807","108","198","0"
"808","121.5","198","0"
"809","135","198","0"
"810","148.5","198","0"
"811","162","198","0"
"812","175.5","198","0"
"813","189","198","0"
"814","202.5","198","0"
"815","216","198","0"
"816","229.5","198","0"
"817","243","198","0"
"818","256.5","198","0"
"819","270","198","0"
"820","-270","180","0"
"821","-256.5","180","0"
"822","-243","180","0"
"823","-229.5","180","0"
"824","-216","180","0"
"825","-202.5","180","0"
"826","-189","180","0"
"827","-175.5","180","0"
"828","-162","180","0"
"829","-148.5","180","0"
"830","-135","180","0"
"831","-121.5","180","0"
"832","-108","180","0"
"833","-94.5","180","0"
"834","-81","180","0"
"835","-67.5","180","0"
"836","-54","180","0"
"837","-40.5","180","0"
"838","-27","180","0"
"839","-13.5","180","0"
"840","0","180","0"
"841","13.5","180","0"
"842","27","180","0"
"843","40.5","180","0"
"844","54","180","0"
"845","67.5","180","0"
"846","81","180","0"
"847","94.5","180","0"
"848","108","180","0"
"849","121.5","180","0"
"850","135","180","0"
"851","148.5","180","0"
"852","162","180","0"
"853","175.5","180","0"
"854","189","180","0"
"855","202.5","180","0"
"856","216","180","0"
"857","229.5","180","0"
"858","243","180","0"
"859","256.5","180","0"
"860","270","180","0"
"861","-270","162","0"
"862","-256.5","162","0"
"863","-243","162","0"
"864","-229.5","162","0"
"865","-216","162","0"
"866","-202.5","162","0"
"867","-189","162","0"
"868","-175.5","162","0"
"869","-162","162","0"
"870","-148.5","162","0"
"871","-135","162","0"
"872","-121.5","162","0"
"873","-108","162","0"
"874","-94.5","162","0"
"875","-81","162","0"
"876","-67.5","162","0"
"877","-54","162","0"
"878","-40.5","162","0"
"879","-27","162","0"
"880","-13.5","162","0"
"881","0","162","0"
"882","13.5","162","0"
"883","27","162","0"
"884","40.5","162","0"
"885","54","162","0"
"886","67.5","162","0"
"887","81","162","0"
"888","94.5","162","0"
"889","108","162","0"
"890","121.5","162","0"
"891","135","162","0"
"892","148.5","162","0"
"893","162","162","0"
"894","175.5","162","0"
"895","189","162","0"
"896","202.5","162","0"
"897","216","162","0"
"898","229.5","162","0"
"899","243","162","0"
"900","256.5","162","0"
"901","270","162","0"
"902","-270","144","0"
"903","-256.5","144","0"
"904","-243","144","0"
"905","-229.5","144","0"
"906","-216","144","0"
"907","-202.5","144","0"
"908","-189","144","0"
"909","-175.5","144","0"
"910","-162","144","0"
"911","-148.5","144","0"
"912","-135","144","0"
"913","-121.5","144","0"
"914","-108","144","0"
"915","-94.5","144","0"
"916","-81","144","0"
"917","-67.5","144","0"
"918","-54","144","0"
"919","-40.5","144","0"
"920","-27","144","0"
"921","-13.5","144","0"
"922","0","144","0"
"923","13.5","144","0"
"924","27","144","0"
"925","40.5","144","0"
"926","54","144","0"
"927","67.5","144","0"
"928","81","144","0"
"929","94.5","144","0"
"930","108","144","0"
"931","121.5","144","0"
"932","135","144","0"
"933","148.5","144","0"
"934","162","144","0"
"935","175.5","144","0"
"936","189","144","0"
"937","202.5","144","0"
"938","216","144","0"
"939","229.5","144","0"
"940","243","144","0"
"941","256.5","144","0"
"942","270","144","0"
"943","-270","126","0"
"944","-256.5","126","0"
"945","-243","126","0"
"946","-229.5","126","0"
"947","-216","126","0"
"948","-202.5","126","0"
"949","-189","126","0"
"950","-175.5","126","0"
"951","-162","126","0"
"952","-148.5","126","0"
"953","-135","126","0"
"954","-121.5","126","0"
"955","-108","126","0"
"956","-94.5","126","0"
"957","-81","126","0"
"958","-67.5","126","0"
"959","-54","126","0"
"960","-40.5","126","0"
"961","-27","126","0"
"962","-13.5","126","0"
"963","0","126","0"
"964","13.5","126","0"
"965","27","126","0"
"966","40.5","126","0"
"967","54","126","0"
"968","67.5","126","0"
"969","81","126","0"
"970","94.5","126","0"
"971","108","126","0"
"972","121.5","126","0"
"973","135","126","0"
"974","148.5","126","0"
"975","162","126","0"
"976","175.5","126","0"
"977","189","126","0"
"978","202.5","126","0"
"979","216","126","0"
"980","229.5","126","0"
"981","243","126","0"
"982","256.5","126","0"
"983","270","126","0"
"984","-270","108","0"
"985","-256.5","108","0"
"986","-243","108","0"
"987","-229.5","108","0"
"988","-216","108","0"
"989","-202.5","108","0"
"990","-189","108","0"
"991","-175.5","108","0"
"992","-162","108","0"
"993","-148.5","108","0"
"994","-135","108","0"
"995","-121.5","108","0"
"996","-108","108","0"
"997","-94.5","108","0"
"998","-81","108","0"
"999","-67.5","108","0"
"1000","-54","108","0"
"1001","-40.5","108","0"
"1002","-27","108","0"
"1003","-13.5","108","0"
"1004","0","108","0"
"1005","13.5","108","0"
"1006","27","108","0"
"1007","40.5","108","0"
"1008","54","108","0"
"1009","67.5","108","0"
"1010","81","108","0"
"1011","94.5","108","0"
"1012","108","108","0"
"1013","121.5","108","0"
"1014","135","108","0"
"1015","148.5","108","0"
"1016","162","108","0"
"1017","175.5","108","0"
"1018","189","108","0"
"1019","202.5","108","0"
"1020","216","108","0"
"1021","229.5","108","0"
"1022","243","108","0"
"1023","256.5","108","0"
"1024","270","108","0"
"1025","-270","90","0"
"1026","-256.5","90","0"
"1027","-243","90","0"
"1028","-229.5","90","0"
"1029","-216","90","0"
"1030","-202.5","90","0"
"1031","-189","90","0"
"1032","-175.5","90","0"
"1033","-162","90","0"
"1034","-148.5","90","0"
"1035","-135","90","0"
"1036","-121.5","90","0"
"1037","-108","90","0"
"1038","-94.5","90","0"
"1039","-81","90","0"
"1040","-67.5","90","0"
"1041","-54","90","0"
"1042","-40.5","90","0"
"1043","-27","90","0"
"1044","-13.5","90","0"
"1045","0","90","0"
"1046","13.5","90","0"
"1047","27","90","0"
"1048","40.5","90","0"
"1049","54","90","0"
"1050","67.5","90","0"
"1051","81","90","0"
"1052","94.5","90","0"
"1053","108","90","0"
"1054","121.5","90","0"
"1055","135","90","0"
"1056","148.5","90","0"
"1057","162","90","0"
"1058","175.5","90","0"
"1059","189","90","0"
"1060","202.5","90","0"
"1061","216","90","0"
"1062","229.5","90","0"
"1063","243","90","0"
"1064","256.5","90","0"
"1065","270","90","0"
"1066","-270","72","0"
"1067","-256.5","72","0"
"1068","-243","72","0"
"1069","-229.5","72","0"
"1070","-216","72","0"
"1071","-202.5","72","0"
"1072","-189","72","0"
"1073","-175.5","72","0"
"1074","-162","72","0"
"1075","-148.5","72","0"
"1076","-135","72","0"
"1077","-121.5","72","0"
"1078","-108","72","0"
"1079","-94.5","72","0"
"1080","-81","72","0"
"1081","-67.5","72","0"
"1082","-54","72","0"
"1083","-40.5","72","0"
"1084","-27","72","0"
"1085","-13.5","72","0"
"1086","0","72","0"
"1087","13.5","72","0"
"1088","27","72","0"
"1089","40.5","72","0"
"1090","54","72","0"
"1091","67.5","72","0"
"1092","81","72","0"
"1093","94.5","72","0"
"1094","108","72","0"
"1095","121.5","72","0"
"1096","135","72","0"
"1097","148.5","72","0"
"1098","162","72","0"
"1099","175.5","72","0"
"1100","189","72","0"
"1101","202.5","72","0"
"1102","216","72","0"
"1103","229.5","72","0"
"1104","243","72","0"
"1105","256.5","72","0"
"1106","270","72","0"
"1107","-270","54","0"
"1108","-256.5","54","0"
"1109","-243","54","0"
"1110","-229.5","54","0"
"1111","-216","54","0"
"1112","-202.5","54","0"
"1113","-189","54","0"
"1114","-175.5","54","0"
"1115","-162","54","0"
"1116","-148.5","54","0"
"1117","-135","54","0"
"1118","-121.5","54","0"
"1119","-108","54","0"
"1120","-94.5","54","0"
"1121","-81","54","0"
"1122","-67.5","54","0"
"1123","-54","54","0"
"1124","-40.5","54","0"
"1125","-27","54","0"
"1126","-13.5","54","0"
"1127","0","54","0"
"1128","13.5","54","0"
"1129","27","54","0"
"1130","40.5","54","0"
"1131","54","54","0"
"1132","67.5","54","0"
"1133","81","54","0"
"1134","94.5","54","0"
"1135","108","54","0"
"1136","121.5","54","0"
"1137","135","54","0"
"1138","148.5","54","0"
"1139","162","54","0"
"1140","175.5","54","0"
"1141","189","54","0"
"1142","202.5","54","0"
"1143","216","54","0"
"1144","229.5","54","0"
"1145","243","54","0"
"1146","256.5","54","0"
"1147","270","54","0"
"1148","-270","36","0"
"1149","-256.5","36","0"
"1150","-243","36","0"
"1151","-229.5","36","0"
"1152","-216","36","0"
"1153","-202.5","36","0"
"1154","-189","36","0"
"1155","-175.5","36","0"
"1156","-162","36","0"
"1157","-148.5","36","0"
"1158","-135","36","0"
"1159","-121.5","36","0"
"1160","-108","36","0"
"1161","-94.5","36","0"
"1162","-81","36","0"
"1163","-67.5","36","0"
"1164","-54","36","0"
"1165","-40.5","36","0"
"1166","-27","36","0"
"1167","-13.5","36","0"
"1168","0","36","0"
"1169","13.5","36","0"
"1170","27","36","0"
"1171","40.5","36","0"
"1172","54","36","0"
"1173","67.5","36","0"
"1174","81","36","0"
"1175","94.5","36","0"
"1176","108","36","0"
"1177","121.5","36","0"
"1178","135","36","0"
"1179","148.5","36","0"
"1180","162","36","0"
"1181","175.5","36","0"
"1182","189","36","0"
"1183","202.5","36","0"
"1184","216","36","0"
"1185","229.5","36","0"
"1186","243","36","0"
"1187","256.5","36","0"
"1188","270","36","0"
"1189","-270","18","0"
"1190","-256.5","18","0"
"1191","-243","18","0"
"1192","-229.5","18","0"
"1193","-216","18","0"
"1194","-202.5","18","0"
"1195","-189","18","0"
"1196","-175.5","18","0"
"1197","-162","18","0"
"1198","-148.5","18","0"
"1199","-135","18","0"
"1200","-121.5","18","0"
"1201","-108","18","0"
"1202","-94.5","18","0"
"1203","-81","18","0"
"1204","-67.5","18","0"
"1205","-54","18","0"
"1206","-40.5","18","0"
"1207","-27","18","0"
"1208","-13.5","18","0"
"1209","0","18","0"
"1210","13.5","18","0"
"1211","27","18","0"
"1212","40.5","18","0"
"1213","54","18","0"
"1214","67.5","18","0"
"1215","81","18","0"
"1216","94.5","18","0"
"1217","108","18","0"
"1218","121.5","18","0"
"1219","135","18","0"
"1220","148.5","18","0"
"1221","162","18","0"
"1222","175.5","18","0"
"1223","189","18","0"
"1224","202.5","18","0"
"1225","216","18","0"
"1226","229.5","18","0"
"1227","243","18","0"
"1228","256.5","18","0"
"1229","270","18","0"
"1230","-270","0","0"
"1231","-256.5","0","0"
"1232","-243","0","0"
"1233","-229.5","0","0"
"1234","-216","0","0"
"1235","-202.5","0","0"
"1236","-189","0","0"
"1237","-175.5","0","0"
"1238","-162","0","0"
"1239","-148.5","0","0"
"1240","-135","0","0"
"1241","-121.5","0","0"
"1242","-108","0","0"
"1243","-94.5","0","0"
"1244","-81","0","0"
"1245","-67.5","0","0"
"1246","-54","0","0"
"1247","-40.5","0","0"
"1248","-27","0","0"
"1249","-13.5","0","0"
"1250","0","0","0"
"1251","13.5","0","0"
"1252","27","0","0"
"1253","40.5","0","0"
"1254","54","0","0"
"1255","67.5","0","0"
"1256","81","0","0"
"1257","94.5","0","0"
"1258","108","0","0"
"1259","121.5","0","0"
"1260","135","0","0"
"1261","148.5","0","0"
"1262","162","0","0"
"1263","175.5","0","0"
"1264","189","0","0"
"1265","202.5","0","0"
"1266","216","0","0"
"1267","229.5","0","0"
"1268","243","0","0"
"1269","256.5","0","0"
"1270","270","0","0"
"1271","-270","-18","0"
"1272","-256.5","-18","0"
"1273","-243","-18","0"
"1274","-229.5","-18","0"
"1275","-216","-18","0"
"1276","-202.5","-18","0"
"1277","-189","-18","0"
"1278","-175.5","-18","0"
"1279","-162","-18","0"
"1280","-148.5","-18","0"
"1281","-135","-18","0"
"1282","-121.5","-18","0"
"1283","-108","-18","0"
"1284","-94.5","-18","0"
"1285","-81","-18","0"
"1286","-67.5","-18","0"
"1287","-54","-18","0"
"1288","-40.5","-18","0"
"1289","-27","-18","0"
"1290","-13.5","-18","0"
"1291","0","-18","0"
"1292","13.5","-18","0"
"1293","27","-18","0"
"1294","40.5","-18","0"
"1295","54","-18","0"
"1296","67.5","-18","0"
"1297","81","-18","0"
"1298","94.5","-18","0"
"1299","108","-18","0"
"1300","121.5","-18","0"
"1301","135","-18","0"
"1302","148.5","-18","0"
"1303","162","-18","0"
"1304","175.5","-18","0"
"1305","189","-18","0"
"1306","202.5","-18","0"
"1307","216","-18","0"
"1308","229.5","-18","0"
"1309","243","-18","0"
"1310","256.5","-18","0"
"1311","270","-18","0"
"1312","-270","-36","0"
"1313","-256.5","-36","0"
"1314","-243","-36","0"
"1315","-229.5","-36","0"
"1316","-216","-36","0"
"1317","-202.5","-36","0"
"1318","-189","-36","0"
"1319","-175.5","-36","0"
"1320","-162","-36","0"
"1321","-148.5","-36","0"
"1322","-135","-36","0"
"1323","-121.5","-36","0"
"1324","-108","-36","0"
"1325","-94.5","-36","0"
"1326","-81","-36","0"
"1327","-67.5","-36","0"
"1328","-54","-36","0"
"1329","-40.5","-36","0"
"1330","-27","-36","0"
"1331","-13.5","-36","0"
"1332","0","-36","0"
"1333","13.5","-36","0"
"1334","27","-36","0"
"1335","40.5","-36","0"
"1336","54","-36","0"
"1337","67.5","-36","0"
"1338","81","-36","0"
"1339","94.5","-36","0"
"1340","108","-36","0"
"1341","121.5","-36","0"
"1342","135","-36","0"
"1343","148.5","-36","0"
"1344","162","-36","0"
"1345","175.5","-36","0"
"1346","189","-36","0"
"1347","202.5","-36","0"
"1348","216","-36","0"
"1349","229.5","-36","0"
"1350","243","-36","0"
"1351","256.5","-36","0"
"1352","270","-36","0"
"1353","-270","-54","0"
"1354","-256.5","-54","0"
"1355","-243","-54","0"
"1356","-229.5","-54","0"
"1357","-216","-54","0"
"1358","-202.5","-54","0"
"1359","-189","-54","0"
"1360","-175.5","-54","0"
"1361","-162","-54","0"
"1362","-148.5","-54","0"
"1363","-135","-54","0"
"1364","-121.5","-54","0"
"1365","-108","-54","0"
"1366","-94.5","-54","0"
"1367","-81","-54","0"
"1368","-67.5","-54","0"
"1369","-54","-54","0"
"1370","-40.5","-54","0"
"1371","-27","-54","0"
"1372","-13.5","-54","0"
"1373","0","-54","0"
"1374","13.5","-54","0"
"1375","27","-54","0"
"1376","40.5","-54","0"
"1377","54","-54","0"
"1378","67.5","-54","0"
"1379","81","-54","0"
"1380","94.5","-54","0"
"1381","108","-54","0"
"1382","121.5","-54","0"
"1383","135","-54","0"
"1384","148.5","-54","0"
"1385","162","-54","0"
"1386","175.5","-54","0"
"1387","189","-54","0"
"1388","202.5","-54","0"
"1389","216","-54","0"
"1390","229.5","-54","0"
"1391","243","-54","0"
"1392","256.5","-54","0"
"1393","270","-54","0"
"1394","-270","-72","0"
"1395","-256.5","-72","0"
"1396","-243","-72","0"
"1397","-229.5","-72","0"
"1398","-216","-72","0"
"1399","-202.5","-72","0"
"1400","-189","-72","0"
"1401","-175.5","-72","0"
"1402","-162","-72","0"
"1403","-148.5","-72","0"
"1404","-135","-72","0"
"1405","-121.5","-72","0"
"1406","-108","-72","0"
"1407","-94.5","-72","0"
"1408","-81","-72","0"
"1409","-67.5","-72","0"
"1410","-54","-72","0"
"1411","-40.5","-72","0"
"1412","-27","-72","0"
"1413","-13.5","-72","0"
"1414","0","-72","0"
"1415","13.5","-72","0"
"1416","27","-72","0"
"1417","40.5","-72","0"
"1418","54","-72","0"
"1419","67.5","-72","0"
"1420","81","-72","0"
"1421","94.5","-72","0"
"1422","108","-72","0"
"1423","121.5","-72","0"
"1424","135","-72","0"
"1425","148.5","-72","0"
"1426","162","-72","0"
"1427","175.5","-72","0"
"1428","189","-72","0"
"1429","202.5","-72","0"
"1430","216","-72","0"
"1431","229.5","-72","0"
"1432","243","-72","0"
"1433","256.5","-72","0"
"1434","270","-72","0"
"1435","-270","-90","0"
"1436","-256.5","-90","0"
"1437","-243","-90","0"
"1438","-229.5","-90","0"
"1439","-216","-90","0"
"1440","-202.5","-90","0"
"1441","-189","-90","0"
"1442","-175.5","-90","0"
"1443","-162","-90","0"
"1444","-148.5","-90","0"
"1445","-135","-90","0"
"1446","-121.5","-90","0"
"1447","-108","-90","0"
"1448","-94.5","-90","0"
"1449","-81","-90","0"
"1450","-67.5","-90","0"
"1451","-54","-90","0"
"1452","-40.5","-90","0"
"1453","-27","-90","0"
"1454","-13.5","-90","0"
"1455","0","-90","0"
"1456","13.5","-90","0"
"1457","27","-90","0"
"1458","40.5","-90","0"
"1459","54","-90","0"
"1460","67.5","-90","0"
"1461","81","-90","0"
"1462","94.5","-90","0"
"1463","108","-90","0"
"1464","121.5","-90","0"
"1465","135","-90","0"
"1466","148.5","-90","0"
"1467","162","-90","0"
"1468","175.5","-90","0"
"1469","189","-90","0"
"1470","202.5","-90","0"
"1471","216","-90","0"
"1472","229.5","-90","0"
"1473","243","-90","0"
"1474","256.5","-90","0"
"1475","270","-90","0"
"1476","-270","-108","0"
"1477","-256.5","-108","0"
"1478","-243","-108","0"
"1479","-229.5","-108","0"
"1480","-216","-108","0"
"1481","-202.5","-108","0"
"1482","-189","-108","0"
"1483","-175.5","-108","0"
"1484","-162","-108","0"
"1485","-148.5","-108","0"
"1486","-135","-108","0"
"1487","-121.5","-108","0"
"1488","-108","-108","0"
"1489","-94.5","-108","0"
"1490","-81","-108","0"
"1491","-67.5","-108","0"
"1492","-54","-108","0"
"1493","-40.5","-108","0"
"1494","-27","-108","0"
"1495","-13.5","-108","0"
"1496","0","-108","0"
"1497","13.5","-108","0"
"1498","27","-108","0"
"1499","40.5","-108","0"
"1500","54","-108","0"
"1501","67.5","-108","0"
"1502","81","-108","0"
"1503","94.5","-108","0"
"1504","108","-108","0"
"1505","121.5","-108","0"
"1506","135","-108","0"
"1507","148.5","-108","0"
"1508","162","-108","0"
"1509","175.5","-108","0"
"1510","189","-108","0"
"1511","202.5","-108","0"
"1512","216","-108","0"
"1513","229.5","-108","0"
"1514","243","-108","0"
"1515","256.5","-108","0"
"1516","270","-108","0"
"1517","-270","-126","0"
"1518","-256.5","-126","0"
"1519","-243","-126","0"
"1520","-229.5","-126","0"
"1521","-216","-126","0"
"1522","-202.5","-126","0"
"1523","-189","-126","0"
"1524","-175.5","-126","0"
"1525","-162","-126","0"
"1526","-148.5","-126","0"
"1527","-135","-126","0"
"1528","-121.5","-126","0"
"1529","-108","-126","0"
"1530","-94.5","-126","0"
"1531","-81","-126","0"
"1532","-67.5","-126","0"
"1533","-54","-126","0"
"1534","-40.5","-126","0"
"1535","-27","-126","0"
"1536","-13.5","-126","0"
"1537","0","-126","0"
"1538","13.5","-126","0"
"1539","27","-126","0"
"1540","40.5","-126","0"
"1541","54","-126","0"
"1542","67.5","-126","0"
"1543","81","-126","0"
"1544","94.5","-126","0"
"1545","108","-126","0"
"1546","121.5","-126","0"
"1547","135","-126","0"
"1548","148.5","-126","0"
"1549","162","-126","0"
"1550","175.5","-126","0"
"1551","189","-126","0"
"1552","202.5","-126","0"
"1553","216","-126","0"
"1554","229.5","-126","0"
"1555","243","-126","0"
"1556","256.5","-126","0"
"1557","270","-126","0"
"1558","-270","-144","0"
"1559","-256.5","-144","0"
"1560","-243","-144","0"
"1561","-229.5","-144","0"
"1562","-216","-144","0"
"1563","-202.5","-144","0"
"1564","-189","-144","0"
"1565","-175.5","-144","0"
"1566","-162","-144","0"
"1567","-148.5","-144","0"
"1568","-135","-144","0"
"1569","-121.5","-144","0"
"1570","-108","-144","0"
"1571","-94.5","-144","0"
"1572","-81","-144","0"
"1573","-67.5","-144","0"
"1574","-54","-144","0"
"1575","-40.5","-144","0"
"1576","-27","-144","0"
"1577","-13.5","-144","0"
"1578","0","-144","0"
"1579","13.5","-144","0"
"1580","27","-144","0"
"1581","40.5","-144","0"
"1582","54","-144","0"
"1583","67.5","-144","0"
"1584","81","-144","0"
"1585","94.5","-144","0"
"1586","108","-144","0"
"1587","121.5","-144","0"
"1588","135","-144","0"
"1589","148.5","-144","0"
"1590","162","-144","0"
"1591","175.5","-144","0"
"1592","189","-144","0"
"1593","202.5","-144","0"
"1594","216","-144","0"
"1595","229.5","-144","0"
"1596","243","-144","0"
"1597","256.5","-144","0"
"1598","270","-144","0"
"1599","-270","-162","0"
"1600","-256.5","-162","0"
"1601","-243","-162","0"
"1602","-229.5","-162","0"
"1603","-216","-162","0"
"1604","-202.5","-162","0"
"1605","-189","-162","0"
"1606","-175.5","-162","0"
"1607","-162","-162","0"
"1608","-148.5","-162","0"
"1609","-135","-162","0"
"1610","-121.5","-162","0"
"1611","-108","-162","0"
"1612","-94.5","-162","0"
"1613","-81","-162","0"
"1614","-67.5","-162","0"
"1615","-54","-162","0"
"1616","-40.5","-162","0"
"1617","-27","-162","0"
"1618","-13.5","-162","0"
"1619","0","-162","0"
"1620","13.5","-162","0"
"1621","27","-162","0"
"1622","40.5","-162","0"
"1623","54","-162","0"
"1624","67.5","-162","0"
"1625","81","-162","0"
"1626","94.5","-162","0"
"1627","108","-162","0"
"1628","121.5","-162","0"
"1629","135","-162","0"
"1630","148.5","-162","0"
"1631","162","-162","0"
"1632","175.5","-162","0"
"1633","189","-162","0"
"1634","202.5","-162","0"
"1635","216","-162","0"
"1636","229.5","-162","0"
"1637","243","-162","0"
"1638","256.5","-162","0"
"1639","270","-162","0"
"1640","-270","-180","0"
"1641","-256.5","-180","0"
"1642","-243","-180","0"
"1643","-229.5","-180","0"
"1644","-216","-180","0"
"1645","-202.5","-180","0"
"1646","-189","-180","0"
"1647","-175.5","-180","0"
"1648","-162","-180","0"
"1649","-148.5","-180","0"
"1650","-135","-180","0"
"1651","-121.5","-180","0"
"1652","-108","-180","0"
"1653","-94.5","-180","0"
"1654","-81","-180","0"
"1655","-67.5","-180","0"
"1656","-54","-180","0"
"1657","-40.5","-180","0"
"1658","-27","-180","0"
"1659","-13.5","-180","0"
"1660","0","-180","0"
"1661","13.5","-180","0"
"1662","27","-180","0"
"1663","40.5","-180","0"
"1664","54","-180","0"
"1665","67.5","-180","0"
"1666","81","-180","0"
"1667","94.5","-180","0"
"1668","108","-180","0"
"1669","121.5","-180","0"
"1670","135","-180","0"
"1671","148.5","-180","0"
"1672","162","-180","0"
"1673","175.5","-180","0"
"1674","189","-180","0"
"1675","202.5","-180","0"
"1676","216","-180","0"
"1677","229.5","-180","0"
"1678","243","-180","0"
"1679","256.5","-180","0"
"1680","270","-180","0"
"1681","-270","-198","0"
"1682","-256.5","-198","0"
"1683","-243","-198","0"
"1684","-229.5","-198","0"
"1685","-216","-198","0"
"1686","-202.5","-198","0"
"1687","-189","-198","0"
"1688","-175.5","-198","0"
"1689","-162","-198","0"
"1690","-148.5","-198","0"
"1691","-135","-198","0"
"1692","-121.5","-198","0"
"1693","-108","-198","0"
"1694","-94.5","-198","0"
"1695","-81","-198","0"
"1696","-67.5","-198","0"
"1697","-54","-198","0"
"1698","-40.5","-198","0"
"1699","-27","-198","0"
"1700","-13.5","-198","0"
"1701","0","-198","0"
"1702","13.5","-198","0"
"1703","27","-198","0"
"1704","40.5","-198","0"
"1705","54","-198","0"
"1706","67.5","-198","0"
"1707","81","-198","0"
"1708","94.5","-198","0"
"1709","108","-198","0"
"1710","121.5","-198","0"
"1711","135","-198","0"
"1712","148.5","-198","0"
"1713","162","-198","0"
"1714","175.5","-198","0"
"1715","189","-198","0"
"1716","202.5","-198","0"
"1717","216","-198","0"
"1718","229.5","-198","0"
"1719","243","-198","0"
"1720","256.5","-198","0"
"1721","270","-198","0"
"1722","-270","-216","0"
"1723","-256.5","-216","0"
"1724","-243","-216","0"
"1725","-229.5","-216","0"
"1726","-216","-216","0"
"1727","-202.5","-216","0"
"1728","-189","-216","0"
"1729","-175.5","-216","0"
"1730","-162","-216","0"
"1731","-148.5","-216","0"
"1732","-135","-216","0"
"1733","-121.5","-216","0"
"1734","-108","-216","0"
"1735","-94.5","-216","0"
"1736","-81","-216","0"
"1737","-67.5","-216","0"
"1738","-54","-216","0"
"1739","-40.5","-216","0"
"1740","-27","-216","0"
"1741","-13.5","-216","0"
"1742","0","-216","0"
"1743","13.5","-216","0"
"1744","27","-216","0"
"1745","40.5","-216","0"
"1746","54","-216","0"
"1747","67.5","-216","0"
"1748","81","-216","0"
"1749","94.5","-216","0"
"1750","108","-216","0"
"1751","121.5","-216","0"
"1752","135","-216","0"
"1753","148.5","-216","0"
"1754","162","-216","0"
"1755","175.5","-216","0"
"1756","189","-216","0"
"1757","202.5","-216","0"
"1758","216","-216","0"
"1759","229.5","-216","0"
"1760","243","-216","0"
"1761","256.5","-216","0"
"1762","270","-216","0"
"1763","-270","-234","0"
"1764","-256.5","-234","0"
"1765","-243","-234","0"
"1766","-229.5","-234","0"
"1767","-216","-234","0"
"1768","-202.5","-234","0"
"1769","-189","-234","0"
"1770","-175.5","-234","0"
"1771","-162","-234","0"
"1772","-148.5","-234","0"
"1773","-135","-234","0"
"1774","-121.5","-234","0"
"1775","-108","-234","0"
"1776","-94.5","-234","0"
"1777","-81","-234","0"
"1778","-67.5","-234","0"
"1779","-54","-234","0"
"1780","-40.5","-234","0"
"1781","-27","-234","0"
"1782","-13.5","-234","0"
"1783","0","-234","0"
"1784","13.5","-234","0"
"1785","27","-234","0"
"1786","40.5","-234","0"
"1787","54","-234","0"
"1788","67.5","-234","0"
"1789","81","-234","0"
"1790","94.5","-234","0"
"1791","108","-234","0"
"1792","121.5","-234","0"
"1793","135","-234","0"
"1794","148.5","-234","0"
"1795","162","-234","0"
"1796","175.5","-234","0"
"1797","189","-234","0"
"1798","202.5","-234","0"
"1799","216","-234","0"
"1800","229.5","-234","0"
"1801","243","-234","0"
"1802","256.5","-234","0"
"1803","270","-234","0"
"1804","-270","-252","0"
"1805","-256.5","-252","0"
"1806","-243","-252","0"
"1807","-229.5","-252","0"
"1808","-216","-252","0"
"1809","-202.5","-252","0"
"1810","-189","-252","0"
"1811","-175.5","-252","0"
"1812","-162","-252","0"
"1813","-148.5","-252","0"
"1814","-135","-252","0"
"1815","-121.5","-252","0"
"1816","-108","-252","0"
"1817","-94.5","-252","0"
"1818","-81","-252","0"
"1819","-67.5","-252","0"
"1820","-54","-252","0"
"1821","-40.5","-252","0"
"1822","-27","-252","0"
"1823","-13.5","-252","0"
"1824","0","-252","0"
"1825","13.5","-252","0"
"1826","27","-252","0"
"1827","40.5","-252","0"
"1828","54","-252","0"
"1829","67.5","-252","0"
"1830","81","-252","0"
"1831","94.5","-252","0"
"1832","108","-252","0"
"1833","121.5","-252","0"
"1834","135","-252","0"
"1835","148.5","-252","0"
"1836","162","-252","0"
"1837","175.5","-252","0"
"1838","189","-252","0"
"1839","202.5","-252","0"
"1840","216","-252","0"
"1841","229.5","-252","0"
"1842","243","-252","0"
"1843","256.5","-252","0"
"1844","270","-252","0"
"1845","-270","-270","0"
"1846","-256.5","-270","0"
"1847","-243","-270","0"
"1848","-229.5","-270","0"
"1849","-216","-270","0"
"1850","-202.5","-270","0"
"1851","-189","-270","0"
"1852","-175.5","-270","0"
"1853","-162","-270","0"
"1854","-148.5","-270","0"
"1855","-135","-270","0"
"1856","-121.5","-270","0"
"1857","-108","-270","0"
"1858","-94.5","-270","0"
"1859","-81","-270","0"
"1860","-67.5","-270","0"
"1861","-54","-270","0"
"1862","-40.5","-270","0"
"1863","-27","-270","0"
"1864","-13.5","-270","0"
"1865","0","-270","0"
"1866","13.5","-270","0"
"1867","27","-270","0"
"1868","40.5","-270","0"
"1869","54","-270","0"
"1870","67.5","-270","0"
"1871","81","-270","0"
"1872","94.5","-270","0"
"1873","108","-270","0"
"1874","121.5","-270","0"
"1875","135","-270","0"
"1876","148.5","-270","0"
"1877","162","-270","0"
"1878","175.5","-270","0"
"1879","189","-270","0"
"1880","202.5","-270","0"
"1881","216","-270","0"
"1882","229.5","-270","0"
"1883","243","-270","0"
"1884","256.5","-270","0"
"1885","270","-270","0"
"1886","-270","-288","0"
"1887","-256.5","-288","0"
"1888","-243","-288","0"
"1889","-229.5","-288","0"
"1890","-216","-288","0"
"1891","-202.5","-288","0"
"1892","-189","-288","0"
"1893","-175.5","-288","0"
"1894","-162","-288","0"
"1895","-148.5","-288","0"
"1896","-135","-288","0"
"1897","-121.5","-288","0"
"1898","-108","-288","0"
"1899","-94.5","-288","0"
"1900","-81","-288","0"
"1901","-67.5","-288","0"
"1902","-54","-288","0"
"1903","-40.5","-288","0"
"1904","-27","-288","0"
"1905","-13.5","-288","0"
"1906","0","-288","0"
"1907","13.5","-288","0"
"1908","27","-288","0"
"1909","40.5","-288","0"
"1910","54","-288","0"
"1911","67.5","-288","0"
"1912","81","-288","0"
"1913","94.5","-288","0"
"1914","108","-288","0"
"1915","121.5","-288","0"
"1916","135","-288","0"
"1917","148.5","-288","0"
"1918","162","-288","0"
"1919","175.5","-288","0"
"1920","189","-288","0"
"1921","202.5","-288","0"
"1922","216","-288","0"
"1923","229.5","-288","0"
"1924","243","-288","0"
"1925","256.5","-288","0"
"1926","270","-288","0"
"1927","-270","-306","0"
"1928","-256.5","-306","0"
"1929","-243","-306","0"
"1930","-229.5","-306","0"
"1931","-216","-306","0"
"1932","-202.5","-306","0"
"1933","-189","-306","0"
"1934","-175.5","-306","0"
"1935","-162","-306","0"
"1936","-148.5","-306","0"
"1937","-135","-306","0"
"1938","-121.5","-306","0"
"1939","-108","-306","0"
"1940","-94.5","-306","0"
"1941","-81","-306","0"
"1942","-67.5","-306","0"
"1943","-54","-306","0"
"1944","-40.5","-306","0"
"1945","-27","-306","0"
"1946","-13.5","-306","0"
"1947","0","-306","0"
"1948","13.5","-306","0"
"1949","27","-306","0"
"1950","40.5","-306","0"
"1951","54","-306","0"
"1952","67.5","-306","0"
"1953","81","-306","0"
"1954","94.5","-306","0"
"1955","108","-306","0"
"1956","121.5","-306","0"
"1957","135","-306","0"
"1958","148.5","-306","0"
"1959","162","-306","0"
"1960","175.5","-306","0"
"1961","189","-306","0"
"1962","202.5","-306","0"
"1963","216","-306","0"
"1964","229.5","-306","0"
"1965","243","-306","0"
"1966","256.5","-306","0"
"1967","270","-306","0"
"1968","-270","-324","0"
"1969","-256.5","-324","0"
"1970","-243","-324","0"
"1971","-229.5","-324","0"
"1972","-216","-324","0"
"1973","-202.5","-324","0"
"1974","-189","-324","0"
"1975","-175.5","-324","0"
"1976","-162","-324","0"
"1977","-148.5","-324","0"
"1978","-135","-324","0"
"1979","-121.5","-324","0"
"1980","-108","-324","0"
"1981","-94.5","-324","0"
"1982","-81","-324","0"
"1983","-67.5","-324","0"
"1984","-54","-324","0"
"1985","-40.5","-324","0"
"1986","-27","-324","0"
"1987","-13.5","-324","0"
"1988","0","-324","0"
"1989","13.5","-324","0"
"1990","27","-324","0"
"1991","40.5","-324","0"
"1992","54","-324","0"
"1993","67.5","-324","0"
"1994","81","-324","0"
"1995","94.5","-324","0"
"1996","108","-324","0"
"1997","121.5","-324","0"
"1998","135","-324","0"
"1999","148.5","-324","0"
"2000","162","-324","0"
"2001","175.5","-324","0"
"2002","189","-324","0"
"2003","202.5","-324","0"
"2004","216","-324","0"
"2005","229.5","-324","0"
"2006","243","-324","0"
"2007","256.5","-324","0"
"2008","270","-324","0"
"2009","-270","-342","0"
"2010","-256.5","-342","0"
"2011","-243","-342","0"
"2012","-229.5","-342","0"
"2013","-216","-342","0"
"2014","-202.5","-342","0"
"2015","-189","-342","0"
"2016","-175.5","-342","0"
"2017","-162","-342","0"
"2018","-148.5","-342","0"
"2019","-135","-342","0"
"2020","-121.5","-342","0"
"2021","-108","-342","0"
"2022","-94.5","-342","0"
"2023","-81","-342","0"
"2024","-67.5","-342","0"
"2025","-54","-342","0"
"2026","-40.5","-342","0"
"2027","-27","-342","0"
"2028","-13.5","-342","0"
"2029","0","-342","0"
"2030","13.5","-342","0"
"2031","27","-342","0"
"2032","40.5","-342","0"
"2033","54","-342","0"
"2034","67.5","-342","0"
"2035","81","-342","0"
"2036","94.5","-342","0"
"2037","108","-342","0"
"2038","121.5","-342","0"
"2039","135","-342","0"
"2040","148.5","-342","0"
"2041","162","-342","0"
"2042","175.5","-342","0"
"2043","189","-342","0"
"2044","202.5","-342","0"
"2045","216","-342","0"
"2046","229.5","-342","0"
"2047","243","-342","0"
"2048","256.5","-342","0"
"2049","270","-342","0"
"2050","-270","-360","0"
"2051","-256.5","-360","0"
"2052","-243","-360","0"
"2053","-229.5","-360","0"
"2054","-216","-360","0"
"2055","-202.5","-360","0"
"2056","-189","-360","0"
"2057","-175.5","-360","0"
"2058","-162","-360","0"
"2059","-148.5","-360","0"
"2060","-135","-360","0"
"2061","-121.5","-360","0"
"2062","-108","-360","0"
"2063","-94.5","-360","0"
"2064","-81","-360","0"
"2065","-67.5","-360","0"
"2066","-54","-360","0"
"2067","-40.5","-360","0"
"2068","-27","-360","0"
"2069","-13.5","-360","0"
"2070","0","-360","0"
"2071","13.5","-360","0"
"2072","27","-360","0"
"2073","40.5","-360","0"
"2074","54","-360","0"
"2075","67.5","-360","0"
"2076","81","-360","0"
"2077","94.5","-360","0"
"2078","108","-360","0"
"2079","121.5","-360","0"
"2080","135","-360","0"
"2081","148.5","-360","0"
"2082","162","-360","0"
"2083","175.5","-360","0"
"2084","189","-360","0"
"2085","202.5","-360","0"
"2086","216","-360","0"
"2087","229.5","-360","0"
"2088","243","-360","0"
"2089","256.5","-360","0"
"2090","270","-360","0"
"2091","-270","-378","0"
"2092","-256.5","-378","0"
"2093","-243","-378","0"
"2094","-229.5","-378","0"
"2095","-216","-378","0"
"2096","-202.5","-378","0"
"2097","-189","-378","0"
"2098","-175.5","-378","0"
"2099","-162","-378","0"
"2100","-148.5","-378","0"
"2101","-135","-378","0"
"2102","-121.5","-378","0"
"2103","-108","-378","0"
"2104","-94.5","-378","0"
"2105","-81","-378","0"
"2106","-67.5","-378","0"
"2107","-54","-378","0"
"2108","-40.5","-378","0"
"2109","-27","-378","0"
"2110","-13.5","-378","0"
"2111","0","-378","0"
"2112","13.5","-378","0"
"2113","27","-378","0"
"2114","40.5","-378","0"
"2115","54","-378","0"
"2116","67.5","-378","0"
"2117","81","-378","0"
"2118","94.5","-378","0"
"2119","108","-378","0"
"2120","121.5","-378","0"
"2121","135","-378","0"
"2122","148.5","-378","0"
"2123","162","-378","0"
"2124","175.5","-378","0"
"2125","189","-378","0"
"2126","202.5","-378","0"
"2127","216","-378","0"
"2128","229.5","-378","0"
"2129","243","-378","0"
"2130","256.5","-378","0"
"2131","270","-378","0"
"2132","-270","-396","0"
"2133","-256.5","-396","0"
"2134","-243","-396","0"
"2135","-229.5","-396","0"
"2136","-216","-396","0"
"2137","-202.5","-396","0"
"2138","-189","-396","0"
"2139","-175.5","-396","0"
"2140","-162","-396","0"
"2141","-148.5","-396","0"
"2142","-135","-396","0"
"2143","-121.5","-396","0"
"2144","-108","-396","0"
"2145","-94.5","-396","0"
"2146","-81","-396","0"
"2147","-67.5","-396","0"
"2148","-54","-396","0"
"2149","-40.5","-396","0"
"2150","-27","-396","0"
"2151","-13.5","-396","0"
"2152","0","-396","0"
"2153","13.5","-396","0"
"2154","27","-396","0"
"2155","40.5","-396","0"
"2156","54","-396","0"
"2157","67.5","-396","0"
"2158","81","-396","0"
"2159","94.5","-396","0"
"2160","108","-396","0"
"2161","121.5","-396","0"
"2162","135","-396","0"
"2163","148.5","-396","0"
"2164","162","-396","0"
"2165","175.5","-396","0"
"2166","189","-396","0"
"2167","202.5","-396","0"
"2168","216","-396","0"
"2169","229.5","-396","0"
"2170","243","-396","0"
"2171","256.5","-396","0"
"2172","270","-396","0"
"2173","-270","-414","0"
"2174","-256.5","-414","0"
"2175","-243","-414","0"
"2176","-229.5","-414","0"
"2177","-216","-414","0"
"2178","-202.5","-414","0"
"2179","-189","-414","0"
"2180","-175.5","-414","0"
"2181","-162","-414","0"
"2182","-148.5","-414","0"
"2183","-135","-414","0"
"2184","-121.5","-414","0"
"2185","-108","-414","0"
"2186","-94.5","-414","0"
"2187","-81","-414","0"
"2188","-67.5","-414","0"
"2189","-54","-414","0"
"2190","-40.5","-414","0"
"2191","-27","-414","0"
"2192","-13.5","-414","0"
"2193","0","-414","0"
"2194","13.5","-414","0"
"2195","27","-414","0"
"2196","40.5","-414","0"
"2197","54","-414","0"
"2198","67.5","-414","0"
"2199","81","-414","0"
"2200","94.5","-414","0"
"2201","108","-414","0"
"2202","121.5","-414","0"
"2203","135","-414","0"
"2204","148.5","-414","0"
"2205","162","-414","0"
"2206","175.5","-414","0"
"2207","189","-414","0"
"2208","202.5","-414","0"
"2209","216","-414","0"
"2210","229.5","-414","0"
"2211","243","-414","0"
"2212","256.5","-414","0"
"2213","270","-414","0"
"2214","-270","-432.0001","0"
"2215","-256.5","-432.0001","0"
"2216","-243","-432.0001","0"
"2217","-229.5","-432.0001","0"
"2218","-216","-432.0001","0"
"2219","-202.5","-432.0001","0"
"2220","-189","-432.0001","0"
"2221","-175.5","-432.0001","0"
"2222","-162","-432.0001","0"
"2223","-148.5","-432.0001","0"
"2224","-135","-432.0001","0"
"2225","-121.5","-432.0001","0"
"2226","-108","-432.0001","0"
"2227","-94.5","-432.0001","0"
"2228","-81","-432.0001","0"
"2229","-67.5","-432.0001","0"
"2230","-54","-432.0001","0"
"2231","-40.5","-432.0001","0"
"2232","-27","-432.0001","0"
"2233","-13.5","-432.0001","0"
"2234","0","-432.0001","0"
"2235","13.5","-432.0001","0"
"2236","27","-432.0001","0"
"2237","40.5","-432.0001","0"
"2238","54","-432.0001","0"
"2239","67.5","-432.0001","0"
"2240","81","-432.0001","0"
"2241","94.5","-432.0001","0"
"2242","108","-432.0001","0"
"2243","121.5","-432.0001","0"
"2244","135","-432.0001","0"
"2245","148.5","-432.0001","0"
"2246","162","-432.0001","0"
"2247","175.5","-432.0001","0"
"2248","189","-432.0001","0"
"2249","202.5","-432.0001","0"
"2250","216","-432.0001","0"
"2251","229.5","-432.0001","0"
"2252","243","-432.0001","0"
"2253","256.5","-432.0001","0"
"2254","270","-432.0001","0"
"2255","-270","-450.0001","0"
"2256","-256.5","-450.0001","0"
"2257","-243","-450.0001","0"
"2258","-229.5","-450.0001","0"
"2259","-216","-450.0001","0"
"2260","-202.5","-450.0001","0"
"2261","-189","-450.0001","0"
"2262","-175.5","-450.0001","0"
"2263","-162","-450.0001","0"
"2264","-148.5","-450.0001","0"
"2265","-135","-450.0001","0"
"2266","-121.5","-450.0001","0"
"2267","-108","-450.0001","0"
"2268","-94.5","-450.0001","0"
"2269","-81","-450.0001","0"
"2270","-67.5","-450.0001","0"
"2271","-54","-450.0001","0"
"2272","-40.5","-450.0001","0"
"2273","-27","-450.0001","0"
"2274","-13.5","-450.0001","0"
"2275","0","-450.0001","0"
"2276","13.5","-450.0001","0"
"2277","27","-450.0001","0"
"2278","40.5","-450.0001","0"
"2279","54","-450.0001","0"
"2280","67.5","-450.0001","0"
"2281","81","-450.0001","0"
"2282","94.5","-450.0001","0"
"2283","108","-450.0001","0"
"2284","121.5","-450.0001","0"
"2285","135","-450.0001","0"
"2286","148.5","-450.0001","0"
"2287","162","-450.0001","0"
"2288","175.5","-450.0001","0"
"2289","189","-450.0001","0"
"2290","202.5","-450.0001","0"
"2291","216","-450.0001","0"
"2292","229.5","-450.0001","0"
"2293","243","-450.0001","0"
"2294","256.5","-450.0001","0"
"2295","270","-450.0001","0"
"2296","-270","-468.0001","0"
"2297","-256.5","-468.0001","0"
"2298","-243","-468.0001","0"
"2299","-229.5","-468.0001","0"
"2300","-216","-468.0001","0"
"2301","-202.5","-468.0001","0"
"2302","-189","-468.0001","0"
"2303","-175.5","-468.0001","0"
"2304","-162","-468.0001","0"
"2305","-148.5","-468.0001","0"
"2306","-135","-468.0001","0"
"2307","-121.5","-468.0001","0"
"2308","-108","-468.0001","0"
"2309","-94.5","-468.0001","0"
"2310","-81","-468.0001","0"
"2311","-67.5","-468.0001","0"
"2312","-54","-468.0001","0"
"2313","-40.5","-468.0001","0"
"2314","-27","-468.0001","0"
"2315","-13.5","-468.0001","0"
"2316","0","-468.0001","0"
"2317","13.5","-468.0001","0"
"2318","27","-468.0001","0"
"2319","40.5","-468.0001","0"
"2320","54","-468.0001","0"
"2321","67.5","-468.0001","0"
"2322","81","-468.0001","0"
"2323","94.5","-468.0001","0"
"2324","108","-468.0001","0"
"2325","121.5","-468.0001","0"
"2326","135","-468.0001","0"
"2327","148.5","-468.0001","0"
"2328","162","-468.0001","0"
"2329","175.5","-468.0001","0"
"2330","189","-468.0001","0"
"2331","202.5","-468.0001","0"
"2332","216","-468.0001","0"
"2333","229.5","-468.0001","0"
"2334","243","-468.0001","0"
"2335","256.5","-468.0001","0"
"2336","270","-468.0001","0"
"2337","-270","-486.0001","0"
"2338","-256.5","-486.0001","0"
"2339","-243","-486.0001","0"
"2340","-229.5","-486.0001","0"
"2341","-216","-486.0001","0"
"2342","-202.5","-486.0001","0"
"2343","-189","-486.0001","0"
"2344","-175.5","-486.0001","0"
"2345","-162","-486.0001","0"
"2346","-148.5","-486.0001","0"
"2347","-135","-486.0001","0"
"2348","-121.5","-486.0001","0"
"2349","-108","-486.0001","0"
"2350","-94.5","-486.0001","0"
"2351","-81","-486.0001","0"
"2352","-67.5","-486.0001","0"
"2353","-54","-486.0001","0"
"2354","-40.5","-486.0001","0"
"2355","-27","-486.0001","0"
"2356","-13.5","-486.0001","0"
"2357","0","-486.0001","0"
"2358","13.5","-486.0001","0"
"2359","27","-486.0001","0"
"2360","40.5","-486.0001","0"
"2361","54","-486.0001","0"
"2362","67.5","-486.0001","0"
"2363","81","-486.0001","0"
"2364","94.5","-486.0001","0"
"2365","108","-486.0001","0"
"2366","121.5","-486.0001","0"
"2367","135","-486.0001","0"
"2368","148.5","-486.0001","0"
"2369","162","-486.0001","0"
"2370","175.5","-486.0001","0"
"2371","189","-486.0001","0"
"2372","202.5","-486.0001","0"
"2373","216","-486.0001","0"
"2374","229.5","-486.0001","0"
"2375","243","-486.0001","0"
"2376","256.5","-486.0001","0"
"2377","270","-486.0001","0"
"2378","-270","-504.0001","0"
"2379","-256.5","-504.0001","0"
"2380","-243","-504.0001","0"
"2381","-229.5","-504.0001","0"
"2382","-216","-504.0001","0"
"2383","-202.5","-504.0001","0"
"2384","-189","-504.0001","0"
"2385","-175.5","-504.0001","0"
"2386","-162","-504.0001","0"
"2387","-148.5","-504.0001","0"
"2388","-135","-504.0001","0"
"2389","-121.5","-504.0001","0"
"2390","-108","-504.0001","0"
"2391","-94.5","-504.0001","0"
"2392","-81","-504.0001","0"
"2393","-67.5","-504.0001","0"
"2394","-54","-504.0001","0"
"2395","-40.5","-504.0001","0"
"2396","-27","-504.0001","0"
"2397","-13.5","-504.0001","0"
"2398","0","-504.0001","0"
"2399","13.5","-504.0001","0"
"2400","27","-504.0001","0"
"2401","40.5","-504.0001","0"
"2402","54","-504.0001","0"
"2403","67.5","-504.0001","0"
"2404","81","-504.0001","0"
"2405","94.5","-504.0001","0"
"2406","108","-504.0001","0"
"2407","121.5","-504.0001","0"
"2408","135","-504.0001","0"
"2409","148.5","-504.0001","0"
"2410","162","-504.0001","0"
"2411","175.5","-504.0001","0"
"2412","189","-504.0001","0"
"2413","202.5","-504.0001","0"
"2414","216","-504.0001","0"
"2415","229.5","-504.0001","0"
"2416","243","-504.0001","0"
"2417","256.5","-504.0001","0"
"2418","270","-504.0001","0"
"2419","-270","-522.0001","0"
"2420","-256.5","-522.0001","0"
"2421","-243","-522.0001","0"
"2422","-229.5","-522.0001","0"
"2423","-216","-522.0001","0"
"2424","-202.5","-522.0001","0"
"2425","-189","-522.0001","0"
"2426","-175.5","-522.0001","0"
"2427","-162","-522.0001","0"
"2428","-148.5","-522.0001","0"
"2429","-135","-522.0001","0"
"2430","-121.5","-522.0001","0"
"2431","-108","-522.0001","0"
"2432","-94.5","-522.0001","0"
"2433","-81","-522.0001","0"
"2434","-67.5","-522.0001","0"
"2435","-54","-522.0001","0"
"2436","-40.5","-522.0001","0"
"2437","-27","-522.0001","0"
"2438","-13.5","-522.0001","0"
"2439","0","-522.0001","0"
"2440","13.5","-522.0001","0"
"2441","27","-522.0001","0"
"2442","40.5","-522.0001","0"
"2443","54","-522.0001","0"
"2444","67.5","-522.0001","0"
"2445","81","-522.0001","0"
"2446","94.5","-522.0001","0"
"2447","108","-522.0001","0"
"2448","121.5","-522.0001","0"
"2449","135","-522.0001","0"
"2450","148.5","-522.0001","0"
"2451","162","-522.0001","0"
"2452","175.5","-522.0001","0"
"2453","189","-522.0001","0"
"2454","202.5","-522.0001","0"
"2455","216","-522.0001","0"
"2456","229.5","-522.0001","0"
"2457","243","-522.0001","0"
"2458","256.5","-522.0001","0"
"2459","270","-522.0001","0"
"2460","-270","-540.0001","0"
"2461","-256.5","-540.0001","0"
"2462","-243","-540.0001","0"
"2463","-229.5","-540.0001","0"
"2464","-216","-540.0001","0"
"2465","-202.5","-540.0001","0"
"2466","-189","-540.0001","0"
"2467","-175.5","-540.0001","0"
"2468","-162","-540.0001","0"
"2469","-148.5","-540.0001","0"
"2470","-135","-540.0001","0"
"2471","-121.5","-540.0001","0"
"2472","-108","-540.0001","0"
"2473","-94.5","-540.0001","0"
"2474","-81","-540.0001","0"
"2475","-67.5","-540.0001","0"
"2476","-54","-540.0001","0"
"2477","-40.5","-540.0001","0"
"2478","-27","-540.0001","0"
"2479","-13.5","-540.0001","0"
"2480","0","-540.0001","0"
"2481","13.5","-540.0001","0"
"2482","27","-540.0001","0"
"2483","40.5","-540.0001","0"
"2484","54","-540.0001","0"
"2485","67.5","-540.0001","0"
"2486","81","-540.0001","0"
"2487","94.5","-540.0001","0"
"2488","108","-540.0001","0"
"2489","121.5","-540.0001","0"
"2490","135","-540.0001","0"
"2491","148.5","-540.0001","0"
"2492","162","-540.0001","0"
"2493","175.5","-540.0001","0"
"2494","189","-540.0001","0"
"2495","202.5","-540.0001","0"
"2496","216","-540.0001","0"
"2497","229.5","-540.0001","0"
"2498","243","-540.0001","0"
"2499","256.5","-540.0001","0"
"2500","270","-540.0001","0"
